{
    "name": "root",
    "gauges": {
        "Kart.Policy.Entropy.mean": {
            "value": 0.4582301080226898,
            "min": 0.4582301080226898,
            "max": 2.108414888381958,
            "count": 10
        },
        "Kart.Policy.Entropy.sum": {
            "value": 9195.3037109375,
            "min": 9195.3037109375,
            "max": 42254.7421875,
            "count": 10
        },
        "Kart.Environment.EpisodeLength.mean": {
            "value": 500.675,
            "min": 39.9,
            "max": 533.5526315789474,
            "count": 10
        },
        "Kart.Environment.EpisodeLength.sum": {
            "value": 20027.0,
            "min": 19542.0,
            "max": 20411.0,
            "count": 10
        },
        "Kart.Step.mean": {
            "value": 199184.0,
            "min": 19991.0,
            "max": 199184.0,
            "count": 10
        },
        "Kart.Step.sum": {
            "value": 199184.0,
            "min": 19991.0,
            "max": 199184.0,
            "count": 10
        },
        "Kart.Policy.ExtrinsicValue.mean": {
            "value": 4.849057197570801,
            "min": 0.8040051460266113,
            "max": 4.849057197570801,
            "count": 10
        },
        "Kart.Policy.ExtrinsicValue.sum": {
            "value": 193.9622802734375,
            "min": 116.84175109863281,
            "max": 404.6359558105469,
            "count": 10
        },
        "Kart.Environment.CumulativeReward.mean": {
            "value": 148.82311613266356,
            "min": 2.3574465257258503,
            "max": 148.82311613266356,
            "count": 10
        },
        "Kart.Environment.CumulativeReward.sum": {
            "value": 5952.9246453065425,
            "min": 1152.7913510799408,
            "max": 5952.9246453065425,
            "count": 10
        },
        "Kart.Policy.ExtrinsicReward.mean": {
            "value": 148.82311613266356,
            "min": 2.3574465257258503,
            "max": 148.82311613266356,
            "count": 10
        },
        "Kart.Policy.ExtrinsicReward.sum": {
            "value": 5952.9246453065425,
            "min": 1152.7913510799408,
            "max": 5952.9246453065425,
            "count": 10
        },
        "Kart.Losses.PolicyLoss.mean": {
            "value": -8.518252740005623,
            "min": -8.518252740005623,
            "max": -1.740661325516271,
            "count": 10
        },
        "Kart.Losses.PolicyLoss.sum": {
            "value": -17096.133249191287,
            "min": -17096.133249191287,
            "max": -3479.581989707026,
            "count": 10
        },
        "Kart.Losses.ValueLoss.mean": {
            "value": 0.007698771008392314,
            "min": 0.0023053115031171556,
            "max": 0.007698771008392314,
            "count": 10
        },
        "Kart.Losses.ValueLoss.sum": {
            "value": 15.451433413843374,
            "min": 4.592180514209374,
            "max": 15.451433413843374,
            "count": 10
        },
        "Kart.Losses.Q1Loss.mean": {
            "value": 0.08824992221228013,
            "min": 0.05973673596457913,
            "max": 0.09607325541386076,
            "count": 10
        },
        "Kart.Losses.Q1Loss.sum": {
            "value": 177.11759388004623,
            "min": 117.0840024905751,
            "max": 192.05043757230766,
            "count": 10
        },
        "Kart.Losses.Q2Loss.mean": {
            "value": 0.08881159678595973,
            "min": 0.058800856224928845,
            "max": 0.09526857379590585,
            "count": 10
        },
        "Kart.Losses.Q2Loss.sum": {
            "value": 178.2448747494212,
            "min": 115.24967820086053,
            "max": 191.10875903458714,
            "count": 10
        },
        "Kart.Policy.DiscreteEntropyCoeff.mean": {
            "value": 0.02761051017245037,
            "min": 0.02380863247092897,
            "max": 0.3771959435448113,
            "count": 10
        },
        "Kart.Policy.DiscreteEntropyCoeff.sum": {
            "value": 55.414293916107894,
            "min": 47.760116736683514,
            "max": 754.0146911460778,
            "count": 10
        },
        "Kart.Policy.ContinuousEntropyCoeff.mean": {
            "value": 0.5,
            "min": 0.5,
            "max": 0.5,
            "count": 10
        },
        "Kart.Policy.ContinuousEntropyCoeff.sum": {
            "value": 1003.5,
            "min": 960.0,
            "max": 1020.5,
            "count": 10
        },
        "Kart.Policy.LearningRate.mean": {
            "value": 0.0003,
            "min": 0.0002999999999999999,
            "max": 0.00030000000000000003,
            "count": 10
        },
        "Kart.Policy.LearningRate.sum": {
            "value": 0.6021,
            "min": 0.5760000000000001,
            "max": 0.6123,
            "count": 10
        },
        "Kart.IsTraining.mean": {
            "value": 1.0,
            "min": 1.0,
            "max": 1.0,
            "count": 10
        },
        "Kart.IsTraining.sum": {
            "value": 1.0,
            "min": 1.0,
            "max": 1.0,
            "count": 10
        }
    },
    "metadata": {
        "timer_format_version": "0.1.0",
        "start_time_seconds": "1684006668",
        "python_version": "3.9.9 (tags/v3.9.9:ccb0e6a, Nov 15 2021, 18:08:50) [MSC v.1929 64 bit (AMD64)]",
        "command_line_arguments": "D:\\UnityProjects\\KartSim\\My project\\venv\\Scripts\\mlagents-learn config/KartSACSettings.yaml --run-id=SACfinalRew3Tau --force",
        "mlagents_version": "0.30.0",
        "mlagents_envs_version": "0.30.0",
        "communication_protocol_version": "1.5.0",
        "pytorch_version": "1.13.1+cu116",
        "numpy_version": "1.21.2",
        "end_time_seconds": "1684011680"
    },
    "total": 5012.0743079,
    "count": 1,
    "self": 0.017337500000394357,
    "children": {
        "run_training.setup": {
            "total": 0.1728992000000007,
            "count": 1,
            "self": 0.1728992000000007
        },
        "TrainerController.start_learning": {
            "total": 5011.8840712,
            "count": 1,
            "self": 5.290655599884303,
            "children": {
                "TrainerController._reset_env": {
                    "total": 37.3832663,
                    "count": 1,
                    "self": 37.3832663
                },
                "TrainerController.advance": {
                    "total": 4968.964867100115,
                    "count": 201409,
                    "self": 4.681844500083571,
                    "children": {
                        "env_step": {
                            "total": 4029.6378331000465,
                            "count": 201409,
                            "self": 1807.0038354999433,
                            "children": {
                                "SubprocessEnvManager._take_step": {
                                    "total": 2218.985338500072,
                                    "count": 201409,
                                    "self": 14.134924800234785,
                                    "children": {
                                        "TorchPolicy.evaluate": {
                                            "total": 2204.850413699837,
                                            "count": 200184,
                                            "self": 2204.850413699837
                                        }
                                    }
                                },
                                "workers": {
                                    "total": 3.64865910003099,
                                    "count": 201409,
                                    "self": 0.0,
                                    "children": {
                                        "worker_root": {
                                            "total": 4970.379815800007,